Call_line,Date,Time,Received,Answered,Abandoned,Answered_wait,Abandoned_wait,Answer_Rate,Abandon_Rate,X0.10sec,X11.120sec,X2.3min,X3.5min,Over_5min,Weekday,X0.2min,estimate,smooth,Expected_Wait,X5.8min,Over_8min,Grade,Points,Time2
Reservations,1/1/2019,8:00:00,24,24,0,0:00:05,0:00:00,100,0,95.8,4.2,0,0,0,Tuesday,100,9,7,0.046491567,5.85E-05,8.90E-07,4,96,0
Reservations,1/1/2019,8:15:00,16,16,0,0:00:04,0:00:00,100,0,100,0,0,0,0,Tuesday,100,7,8,0.040149892,8.83E-05,2.02E-06,4,64,15
Reservations,1/1/2019,8:30:00,16,15,0,0:00:05,0:00:00,100,0,100,0,0,0,0,Tuesday,100,7,8,0.028233927,4.70E-05,8.77E-07,4,60,30
Reservations,1/1/2019,8:45:00,25,25,1,0:00:04,0:00:00,96.2,3.8,100,0,0,0,0,Tuesday,100,9,8,0.060382758,0.000100584,1.88E-06,4,100,45
Reservations,1/1/2019,9:00:00,9,9,0,0:00:05,0:00:00,100,0,100,0,0,0,0,Tuesday,100,5,8,0.037966016,0.000187548,7.97E-06,4,36,60
Reservations,1/1/2019,9:15:00,30,29,0,0:00:05,0:00:00,100,0,96.6,3.4,0,0,0,Tuesday,100,10,8,0.06023925,7.58E-05,1.15E-06,4,116,75
Reservations,1/1/2019,9:30:00,26,27,0,0:00:11,0:00:00,100,0,77.8,22.2,0,0,0,Tuesday,100,10,8,0.036898097,2.62E-05,2.66E-07,4,108,90
Reservations,1/1/2019,9:45:00,33,28,2,0:01:58,0:02:02,93.3,6.7,10.7,35.7,25,28.6,0,Tuesday,46.4,7,9,1.041294879,0.035502104,0.011620223,3,84,105
Reservations,1/1/2019,10:00:00,23,22,3,0:03:59,0:02:11,88,12,0,9.1,13.6,63.6,13.6,Tuesday,9.1,5,9,3.591941878,0.119240203,0.145040112,0,0,120
Reservations,1/1/2019,10:15:00,41,36,1,0:00:43,0:00:53,97.3,2.7,38.9,61.1,0,0,0,Tuesday,100,12,10,0.046672726,2.48E-05,2.06E-07,4,144,135
Reservations,1/1/2019,10:30:00,33,34,3,0:00:59,0:00:59,91.9,8.1,20.6,67.6,11.8,0,0,Tuesday,88.2,9,10,0.464824437,0.007747743,0.000965449,4,136,150
Reservations,1/1/2019,10:45:00,32,32,1,0:00:06,0:00:03,97,3,87.5,12.5,0,0,0,Tuesday,100,11,10,0.047330544,3.36E-05,3.42E-07,4,128,165
Reservations,1/1/2019,11:00:00,27,27,0,0:00:05,0:00:00,100,0,100,0,0,0,0,Tuesday,100,10,10,0.036898097,2.62E-05,2.66E-07,4,108,180
Reservations,1/1/2019,11:15:00,41,40,1,0:00:05,0:00:03,97.6,2.4,97.5,2.5,0,0,0,Tuesday,100,12,11,0.104881241,0.000174708,3.26E-06,4,160,195
Reservations,1/1/2019,11:30:00,35,34,1,0:00:05,0:00:02,97.1,2.9,100,0,0,0,0,Tuesday,100,11,11,0.073554106,9.25E-05,1.41E-06,4,136,210
Reservations,1/1/2019,11:45:00,33,32,1,0:00:05,0:00:04,97,3,93.8,6.3,0,0,0,Tuesday,100.1,11,11,0.047330544,3.36E-05,3.42E-07,4,128,225
Reservations,1/1/2019,12:00:00,33,32,0,0:00:06,0:00:00,100,0,93.8,6.3,0,0,0,Tuesday,100.1,11,11,0.047330544,3.36E-05,3.42E-07,4,128,240
Reservations,1/1/2019,12:15:00,29,30,0,0:00:06,0:00:00,100,0,86.7,13.3,0,0,0,Tuesday,100,10,12,0.075974432,0.000126556,2.36E-06,4,120,255
Reservations,1/1/2019,12:30:00,35,35,0,0:00:05,0:00:00,100,0,97.1,2.9,0,0,0,Tuesday,100,11,12,0.090831185,0.000151304,2.82E-06,4,140,270
Reservations,1/1/2019,12:45:00,42,42,0,0:00:05,0:00:00,100,0,95.2,4.8,0,0,0,Tuesday,100,13,12,0.067590736,4.80E-05,4.88E-07,4,168,285
Reservations,1/1/2019,13:00:00,40,40,0,0:00:05,0:00:00,100,0,92.5,7.5,0,0,0,Tuesday,100,12,13,0.104881241,0.000174708,3.26E-06,4,160,300
Reservations,1/1/2019,13:15:00,51,50,1,0:00:04,0:00:01,98,2,100,0,0,0,0,Tuesday,100,15,13,0.06122542,2.44E-05,1.65E-07,4,200,315
Reservations,1/1/2019,13:30:00,45,45,0,0:00:06,0:00:00,100,0,86.7,13.3,0,0,0,Tuesday,100,14,13,0.053505598,2.13E-05,1.44E-07,4,180,330
Reservations,1/1/2019,13:45:00,48,48,0,0:00:05,0:00:00,100,0,95.8,4.2,0,0,0,Tuesday,100,14,12,0.092270617,8.73E-05,1.09E-06,4,192,345
Reservations,1/1/2019,14:00:00,51,51,0,0:00:08,0:00:00,100,0,82.4,17.6,0,0,0,Tuesday,100,15,12,0.072877926,3.88E-05,3.22E-07,4,204,360
Reservations,1/1/2019,14:15:00,50,44,1,0:00:20,0:00:26,97.8,2.2,50,50,0,0,0,Tuesday,100,13,12,0.098417792,0.000123759,1.88E-06,4,176,375
Reservations,1/1/2019,14:30:00,39,32,3,0:03:21,0:02:59,91.4,8.6,0,21.9,6.3,65.6,6.3,Tuesday,21.9,7,12,3.786141267,0.125686959,0.152881748,0,0,390
Reservations,1/1/2019,14:45:00,41,40,2,0:02:58,0:01:52,95.2,4.8,0,5,30,65,0,Tuesday,5,9,12,1.959980785,0.078002108,0.04539541,3,120,405
Reservations,1/1/2019,15:00:00,47,35,8,0:04:46,0:02:18,81.4,18.6,0,0,0,68.6,31.4,Tuesday,0,8,11,1.905948053,0.075851746,0.04414395,1,35,420
Reservations,1/1/2019,15:15:00,43,49,4,0:01:59,0:01:31,92.5,7.5,10.2,40.8,30.6,18.4,0,Tuesday,51,11,11,1.566102498,0.059244454,0.025535116,3,147,435
Reservations,1/1/2019,15:30:00,43,44,0,0:00:15,0:00:00,100,0,65.9,34.1,0,0,0,Tuesday,100,13,10,0.098417792,0.000123759,1.88E-06,4,176,450
Reservations,1/1/2019,15:45:00,49,50,0,0:00:08,0:00:00,100,0,82,18,0,0,0,Tuesday,100,15,11,0.06122542,2.44E-05,1.65E-07,4,200,465
Reservations,1/1/2019,16:00:00,66,43,8,0:02:09,0:01:23,84.3,15.7,18.6,18.6,32.6,30.2,0,Tuesday,37.2,10,11,1.191821023,0.04063417,0.013300004,3,129,480
Reservations,1/1/2019,16:15:00,88,47,17,0:05:56,0:02:11,73.4,26.6,0,0,0,31.9,68.1,Tuesday,0,10,10,3.963968678,0.131590222,0.160062295,0,0,495
Reservations,1/1/2019,16:30:00,80,44,15,0:10:11,0:05:36,74.6,25.4,0,0,0,0,100,Tuesday,0,9,10,13.86928773,0.120094247,0.542424347,0,0,510
Reservations,1/1/2019,16:45:00,62,54,19,0:14:04,0:07:03,74,26,0,0,0,0,100,Tuesday,0,11,9,13.96847696,0.120953127,0.546303613,0,0,525
Reservations,1/1/2019,17:00:00,0,42,7,0:12:15,0:10:17,85.7,14.3,0,0,0,0,100,Tuesday,0,9,8,3.914173753,0.1299372,0.15805161,0,0,540
Reservations,1/2/2019,8:00:00,68,68,0,0:00:06,0:00:00,100,0,94.1,5.9,0,0,0,Wednesday,100,19,15,0.066862687,1.48E-05,6.71E-08,4,272,555
Reservations,1/2/2019,8:15:00,42,42,0,0:00:10,0:00:00,100,0,78.6,21.4,0,0,0,Wednesday,100,13,15,0.067590736,4.80E-05,4.88E-07,4,168,570
Reservations,1/2/2019,8:30:00,52,50,1,0:00:05,0:00:04,98,2,98,2,0,0,0,Wednesday,100,15,15,0.06122542,2.44E-05,1.65E-07,4,200,585
Reservations,1/2/2019,8:45:00,45,46,0,0:00:05,0:00:00,100,0,97.8,2.2,0,0,0,Wednesday,100,14,15,0.064406492,3.43E-05,2.84E-07,4,184,600
Reservations,1/2/2019,9:00:00,57,55,1,0:00:05,0:00:02,98.2,1.8,96.4,3.6,0,0,0,Wednesday,100,16,15,0.068722446,2.73E-05,1.86E-07,4,220,615
Reservations,1/2/2019,9:15:00,36,36,0,0:00:05,0:00:00,100,0,97.2,2.8,0,0,0,Wednesday,100,12,15,0.046672726,2.48E-05,2.06E-07,4,144,630
Reservations,1/2/2019,9:30:00,56,55,1,0:00:06,0:00:03,98.2,1.8,90.9,9.1,0,0,0,Wednesday,100,16,15,0.068722446,2.73E-05,1.86E-07,4,220,645
Reservations,1/2/2019,9:45:00,47,48,0,0:00:05,0:00:00,100,0,91.7,8.3,0,0,0,Wednesday,100,14,15,0.092270617,8.73E-05,1.09E-06,4,192,660
Reservations,1/2/2019,10:00:00,57,57,0,0:00:05,0:00:00,100,0,94.7,5.3,0,0,0,Wednesday,100,16,15,0.095342755,6.78E-05,6.88E-07,4,228,675
Reservations,1/2/2019,10:15:00,57,57,0,0:00:05,0:00:00,100,0,94.7,5.3,0,0,0,Wednesday,100,16,15,0.095342755,6.78E-05,6.88E-07,4,228,690
Reservations,1/2/2019,10:30:00,63,63,0,0:00:05,0:00:00,100,0,96.8,3.2,0,0,0,Wednesday,100,17,16,0.121045132,0.000114574,1.42E-06,4,252,705
Reservations,1/2/2019,10:45:00,55,55,0,0:00:05,0:00:00,100,0,96.4,3.6,0,0,0,Wednesday,100,16,16,0.068722446,2.73E-05,1.86E-07,4,220,720
Reservations,1/2/2019,11:00:00,48,46,1,0:00:05,0:00:02,97.9,2.1,97.8,2.2,0,0,0,Wednesday,100,14,16,0.064406492,3.43E-05,2.84E-07,4,184,735
Reservations,1/2/2019,11:15:00,55,56,0,0:00:06,0:00:00,100,0,85.7,14.3,0,0,0,Wednesday,100,16,16,0.08104737,4.31E-05,3.58E-07,4,224,750
Reservations,1/2/2019,11:30:00,69,68,0,0:00:07,0:00:00,100,0,94.1,5.9,0,0,0,Wednesday,100,19,16,0.066862687,1.48E-05,6.71E-08,4,272,765
Reservations,1/2/2019,11:45:00,47,48,0,0:00:05,0:00:00,100,0,97.9,2.1,0,0,0,Wednesday,100,14,16,0.092270617,8.73E-05,1.09E-06,4,192,780
Reservations,1/2/2019,12:00:00,64,62,0,0:00:06,0:00:00,100,0,90.3,9.7,0,0,0,Wednesday,100,17,15,0.103828055,7.38E-05,7.49E-07,4,248,795
Reservations,1/2/2019,12:15:00,53,53,0,0:00:09,0:00:00,100,0,75.5,24.5,0,0,0,Wednesday,100,15,16,0.102331999,9.69E-05,1.20E-06,4,212,810
Reservations,1/2/2019,12:30:00,58,51,3,0:01:22,0:01:12,94.4,5.6,5.9,82.4,11.8,0,0,Wednesday,88.3,12,16,0.822232076,0.020501858,0.004060057,4,204,825
Reservations,1/2/2019,12:45:00,61,64,2,0:01:09,0:00:15,97,3,1.6,98.4,0,0,0,Wednesday,100,18,16,0.071255777,2.12E-05,1.17E-07,4,256,840
Reservations,1/2/2019,13:00:00,58,54,3,0:01:17,0:00:57,94.7,5.3,0,92.6,7.4,0,0,Wednesday,92.6,13,16,0.580437852,0.009674799,0.00120558,4,216,855
Reservations,1/2/2019,13:15:00,66,60,5,0:00:40,0:00:14,92.3,7.7,21.7,78.3,0,0,0,Wednesday,100,17,16,0.075978058,3.02E-05,2.05E-07,4,240,870
Reservations,1/2/2019,13:30:00,54,57,0,0:00:11,0:00:00,100,0,70.2,29.8,0,0,0,Wednesday,100,16,17,0.095342755,6.78E-05,6.88E-07,4,228,885
Reservations,1/2/2019,13:45:00,69,68,0,0:00:06,0:00:00,100,0,89.7,10.3,0,0,0,Wednesday,100,19,18,0.066862687,1.48E-05,6.71E-08,4,272,900
Reservations,1/2/2019,14:00:00,84,71,6,0:01:07,0:00:35,92.2,7.8,2.8,88.7,8.5,0,0,Wednesday,91.5,17,18,0.406259148,0.003348774,0.000216824,4,284,915
Reservations,1/2/2019,14:15:00,69,69,5,0:00:40,0:00:41,93.2,6.8,20.3,79.7,0,0,0,Wednesday,100,19,19,0.077532233,2.30E-05,1.28E-07,4,276,930
Reservations,1/2/2019,14:30:00,88,76,5,0:01:00,0:00:48,93.8,6.2,2.6,97.4,0,0,0,Wednesday,100,20,19,0.110685101,5.89E-05,4.89E-07,4,304,945
Reservations,1/2/2019,14:45:00,89,87,3,0:01:07,0:01:05,96.7,3.3,11.5,77,11.5,0,0,Wednesday,88.5,20,19,0.515519818,0.005427969,0.000435501,4,348,960
Reservations,1/2/2019,15:00:00,86,93,1,0:01:00,0:00:20,98.9,1.1,21.5,71,7.5,0,0,Wednesday,92.5,21,19,0.612167684,0.008156072,0.000813721,4,372,975
Reservations,1/2/2019,15:15:00,118,98,4,0:01:03,0:00:48,96.1,3.9,11.2,70.4,18.4,0,0,Wednesday,81.6,22,20,0.623717444,0.008309953,0.000829074,4,392,990
Reservations,1/2/2019,15:30:00,96,86,9,0:02:54,0:01:32,90.5,9.5,0,0,68.6,31.4,0,Wednesday,0,18,20,2.968021866,0.114886435,0.09374345,3,258,1005
Reservations,1/2/2019,15:45:00,113,91,12,0:03:22,0:01:02,88.3,11.7,0,0,23.1,76.9,0,Wednesday,0,19,20,2.986761596,0.115611814,0.094335335,3,273,1020
Reservations,1/2/2019,16:00:00,106,93,16,0:04:26,0:01:43,85.3,14.7,0,0,0,67.7,32.3,Wednesday,0,19,18,6.711609353,0.151470582,0.30797677,0,0,1035
Reservations,1/2/2019,16:15:00,111,103,10,0:02:48,0:01:33,91.2,8.8,0,22.3,38.8,38.8,0,Wednesday,22.3,21,18,6.747216195,0.152274173,0.309610667,3,309,1050
Reservations,1/2/2019,16:30:00,125,103,10,0:03:05,0:01:23,91.2,8.8,0,0,44.7,55.3,0,Wednesday,0,21,17,6.747216195,0.152274173,0.309610667,3,309,1065
Reservations,1/2/2019,16:45:00,69,99,5,0:02:57,0:02:09,95.2,4.8,0,14.1,30.3,55.6,0,Wednesday,14.1,21,17,1.793473736,0.067845734,0.029242377,3,297,1080
Reservations,1/3/2019,8:00:00,54,52,1,0:00:12,0:00:03,98.1,1.9,71.2,28.8,0,0,0,Thursday,100,15,12,0.086476794,6.15E-05,6.24E-07,4,208,1095
Reservations,1/3/2019,8:15:00,27,28,0,0:00:05,0:00:00,100,0,96.4,3.6,0,0,0,Thursday,100,10,12,0.047367828,4.48E-05,5.57E-07,4,112,1110
Reservations,1/3/2019,8:30:00,39,38,1,0:00:05,0:00:01,97.4,2.6,92.1,7.9,0,0,0,Thursday,100,12,12,0.070686954,6.69E-05,8.32E-07,4,152,1125
Reservations,1/3/2019,8:45:00,36,36,0,0:00:06,0:00:00,100,0,97.2,2.8,0,0,0,Thursday,100,12,12,0.046672726,2.48E-05,2.06E-07,4,144,1140
Reservations,1/3/2019,9:00:00,34,34,0,0:00:06,0:00:00,100,0,88.2,11.8,0,0,0,Thursday,100,11,12,0.073554106,9.25E-05,1.41E-06,4,136,1155
Reservations,1/3/2019,9:15:00,45,45,0,0:00:05,0:00:00,100,0,100,0,0,0,0,Thursday,100,14,12,0.053505598,2.13E-05,1.44E-07,4,180,1170
Reservations,1/3/2019,9:30:00,37,36,0,0:00:05,0:00:00,100,0,100,0,0,0,0,Thursday,100,12,12,0.046672726,2.48E-05,2.06E-07,4,144,1185
Reservations,1/3/2019,9:45:00,40,40,1,0:00:06,0:00:02,97.6,2.4,87.5,12.5,0,0,0,Thursday,100,12,13,0.104881241,0.000174708,3.26E-06,4,160,1200
Reservations,1/3/2019,10:00:00,45,45,0,0:00:06,0:00:00,100,0,93.3,6.7,0,0,0,Thursday,100,14,13,0.053505598,2.13E-05,1.44E-07,4,180,1215
Reservations,1/3/2019,10:15:00,42,42,0,0:00:05,0:00:00,100,0,97.6,2.4,0,0,0,Thursday,100,13,13,0.067590736,4.80E-05,4.88E-07,4,168,1230
Reservations,1/3/2019,10:30:00,40,39,1,0:00:06,0:00:00,97.5,2.5,89.7,10.3,0,0,0,Thursday,100,12,14,0.086296524,0.000108517,1.65E-06,4,156,1245
Reservations,1/3/2019,10:45:00,41,41,0,0:00:05,0:00:00,100,0,97.6,2.4,0,0,0,Thursday,100,13,14,0.055655476,2.96E-05,2.46E-07,4,164,1260
Reservations,1/3/2019,11:00:00,64,64,0,0:00:05,0:00:00,100,0,93.8,6.3,0,0,0,Thursday,100.1,18,14,0.071255777,2.12E-05,1.17E-07,4,256,1275
Reservations,1/3/2019,11:15:00,39,37,0,0:00:06,0:00:00,100,0,89.2,10.8,0,0,0,Thursday,100,12,15,0.057604575,4.09E-05,4.16E-07,4,148,1290
Reservations,1/3/2019,11:30:00,61,63,0,0:00:30,0:00:00,100,0,49.2,50.8,0,0,0,Thursday,100,17,15,0.121045132,0.000114574,1.42E-06,4,252,1305
Reservations,1/3/2019,11:45:00,46,46,0,0:00:15,0:00:00,100,0,82.6,17.4,0,0,0,Thursday,100,14,15,0.064406492,3.43E-05,2.84E-07,4,184,1320
Reservations,1/3/2019,12:00:00,47,47,0,0:00:11,0:00:00,100,0,66,34,0,0,0,Thursday,100,14,16,0.077224053,5.49E-05,5.57E-07,4,188,1335
Reservations,1/3/2019,12:15:00,77,77,0,0:00:21,0:00:00,100,0,45.5,54.5,0,0,0,Thursday,100,20,15,0.127145804,9.04E-05,9.17E-07,4,308,1350
Reservations,1/3/2019,12:30:00,56,54,1,0:00:19,0:00:17,98.2,1.8,48.1,51.9,0,0,0,Thursday,100,16,16,0.058105888,1.73E-05,9.57E-08,4,216,1365
Reservations,1/3/2019,12:45:00,49,50,0,0:00:05,0:00:00,100,0,94,6,0,0,0,Thursday,100,15,16,0.06122542,2.44E-05,1.65E-07,4,200,1380
Reservations,1/3/2019,13:00:00,49,46,1,0:00:24,0:00:11,97.9,2.1,43.5,56.5,0,0,0,Thursday,100,14,16,0.064406492,3.43E-05,2.84E-07,4,184,1395
Reservations,1/3/2019,13:15:00,67,59,8,0:01:08,0:00:59,88.1,11.9,10.2,86.4,3.4,0,0,Thursday,96.6,15,17,0.271578746,0.001341571,5.70E-05,4,236,1410
Reservations,1/3/2019,13:30:00,54,56,0,0:00:22,0:00:00,100,0,51.8,48.2,0,0,0,Thursday,100,16,16,0.08104737,4.31E-05,3.58E-07,4,224,1425
Reservations,1/3/2019,13:45:00,69,69,0,0:00:06,0:00:00,100,0,91.3,8.7,0,0,0,Thursday,100,19,17,0.077532233,2.30E-05,1.28E-07,4,276,1440
Reservations,1/3/2019,14:00:00,57,57,0,0:00:05,0:00:00,100,0,98.2,1.8,0,0,0,Thursday,100,16,17,0.095342755,6.78E-05,6.88E-07,4,228,1455
Reservations,1/3/2019,14:15:00,72,72,0,0:00:22,0:00:00,100,0,62.5,37.5,0,0,0,Thursday,100,19,17,0.119712199,8.51E-05,8.64E-07,4,288,1470
Reservations,1/3/2019,14:30:00,59,57,0,0:00:08,0:00:00,100,0,77.2,22.8,0,0,0,Thursday,100,16,18,0.095342755,6.78E-05,6.88E-07,4,228,1485
Reservations,1/3/2019,14:45:00,78,79,0,0:00:07,0:00:00,100,0,84.8,15.2,0,0,0,Thursday,100,21,19,0.089478587,2.66E-05,1.47E-07,4,316,1500
Reservations,1/3/2019,15:00:00,90,77,5,0:01:29,0:00:54,93.9,6.1,7.8,64.9,27.3,0,0,Thursday,72.7,17,19,1.127921566,0.033359399,0.008438939,4,308,1515
Reservations,1/3/2019,15:15:00,84,70,8,0:02:25,0:01:21,89.7,10.3,0,38.6,40,21.4,0,Thursday,38.6,15,20,2.166955744,0.08623917,0.050189188,3,210,1530
Reservations,1/3/2019,15:30:00,80,93,2,0:01:08,0:01:26,97.9,2.1,29,47.3,21.5,2.2,0,Thursday,76.3,20,19,1.433115484,0.048860909,0.015992704,4,372,1545
Reservations,1/3/2019,15:45:00,103,99,2,0:00:11,0:00:12,98,2,66.7,33.3,0,0,0,Thursday,100,25,20,0.111071668,3.30E-05,1.83E-07,4,396,1560
Reservations,1/3/2019,16:00:00,102,91,3,0:00:41,0:00:36,96.8,3.2,18.7,81.3,0,0,0,Thursday,100,23,18,0.129993909,6.92E-05,5.74E-07,4,364,1575
Reservations,1/3/2019,16:15:00,120,91,9,0:01:32,0:00:56,91,9,0,70.3,29.7,0,0,Thursday,70.3,20,18,0.980888173,0.024457851,0.004843477,4,364,1590
Reservations,1/3/2019,16:30:00,108,81,15,0:05:26,0:02:46,84.4,15.6,0,0,3.7,27.2,69.1,Thursday,0,17,19,2.94775056,0.114101772,0.093103191,1,81,1605
Reservations,1/3/2019,16:45:00,104,102,21,0:05:31,0:01:57,82.9,17.1,0,0,0,18.6,81.4,Thursday,0,21,18,4.258791771,0.141377342,0.171967046,0,0,1620
Reservations,1/3/2019,17:00:00,0,21,2,0:03:44,0:03:02,91.3,8.7,0,0,0,100,0,Thursday,0,5,17,2.376649473,0.091995544,0.075065256,3,63,1635
Reservations,1/4/2019,8:00:00,51,50,1,0:00:13,0:00:02,98,2,60,40,0,0,0,Friday,100,15,13,0.06122542,2.44E-05,1.65E-07,4,200,1650
Reservations,1/4/2019,8:15:00,36,36,0,0:00:05,0:00:00,100,0,91.7,8.3,0,0,0,Friday,100,12,13,0.046672726,2.48E-05,2.06E-07,4,144,1665
Reservations,1/4/2019,8:30:00,49,49,0,0:00:05,0:00:00,100,0,95.9,4.1,0,0,0,Friday,100,14,12,0.109915495,0.000138218,2.10E-06,4,196,1680
Reservations,1/4/2019,8:45:00,27,27,0,0:00:05,0:00:00,100,0,92.6,7.4,0,0,0,Friday,100,10,12,0.036898097,2.62E-05,2.66E-07,4,108,1695
Reservations,1/4/2019,9:00:00,41,41,0,0:00:05,0:00:00,100,0,97.6,2.4,0,0,0,Friday,100,13,12,0.055655476,2.96E-05,2.46E-07,4,164,1710
Reservations,1/4/2019,9:15:00,44,43,1,0:00:05,0:00:03,97.7,2.3,95.3,4.7,0,0,0,Friday,100,13,12,0.081720675,7.74E-05,9.61E-07,4,172,1725
Reservations,1/4/2019,9:30:00,31,30,0,0:00:05,0:00:00,100,0,96.7,3.3,0,0,0,Friday,100,10,13,0.075974432,0.000126556,2.36E-06,4,120,1740
Reservations,1/4/2019,9:45:00,30,30,0,0:00:06,0:00:00,100,0,93.3,6.7,0,0,0,Friday,100,10,13,0.075974432,0.000126556,2.36E-06,4,120,1755
Reservations,1/4/2019,10:00:00,48,49,0,0:00:05,0:00:00,100,0,93.9,6.1,0,0,0,Friday,100,14,13,0.109915495,0.000138218,2.10E-06,4,196,1770
Reservations,1/4/2019,10:15:00,43,42,1,0:00:04,0:00:03,97.7,2.3,100,0,0,0,0,Friday,100,13,13,0.067590736,4.80E-05,4.88E-07,4,168,1785
Reservations,1/4/2019,10:30:00,61,59,0,0:00:05,0:00:00,100,0,93.2,6.8,0,0,0,Friday,100,17,13,0.064777936,1.92E-05,1.07E-07,4,236,1800
Reservations,1/4/2019,10:45:00,40,42,0,0:00:06,0:00:00,100,0,95.2,4.8,0,0,0,Friday,100,13,13,0.067590736,4.80E-05,4.88E-07,4,168,1815
Reservations,1/4/2019,11:00:00,45,44,1,0:00:05,0:00:05,97.8,2.2,95.5,4.5,0,0,0,Friday,100,13,13,0.098417792,0.000123759,1.88E-06,4,176,1830
Reservations,1/4/2019,11:15:00,50,50,0,0:00:05,0:00:00,100,0,98,2,0,0,0,Friday,100,15,14,0.06122542,2.44E-05,1.65E-07,4,200,1845
Reservations,1/4/2019,11:30:00,54,50,1,0:00:43,0:00:44,98,2,22,70,8,0,0,Friday,92,12,13,0.674082336,0.013861849,0.002169624,4,200,1860
Reservations,1/4/2019,11:45:00,47,48,2,0:00:13,0:00:11,96,4,75,25,0,0,0,Friday,100,14,12,0.092270617,8.73E-05,1.09E-06,4,192,1875
Reservations,1/4/2019,12:00:00,42,37,3,0:00:56,0:00:40,92.5,7.5,43.2,37.8,18.9,0,0,Friday,81,9,12,0.905071699,0.026768393,0.00677161,4,148,1890
Reservations,1/4/2019,12:15:00,62,56,2,0:00:30,0:00:09,96.6,3.4,42.9,57.1,0,0,0,Friday,100,16,12,0.08104737,4.31E-05,3.58E-07,4,224,1905
Reservations,1/4/2019,12:30:00,57,41,10,0:02:39,0:01:16,80.4,19.6,0,17.1,53.7,29.3,0,Friday,17.1,9,12,2.686970835,0.104007489,0.084866597,3,123,1920
Reservations,1/4/2019,12:45:00,40,41,1,0:02:53,0:01:42,97.6,2.4,0,4.9,65.9,29.3,0,Friday,4.9,9,12,2.686970835,0.104007489,0.084866597,3,123,1935
Reservations,1/4/2019,13:00:00,42,38,5,0:03:42,0:02:33,88.4,11.6,0,0,15.8,84.2,0,Friday,0,8,13,6.33126473,0.142886795,0.290523831,3,114,1950
Reservations,1/4/2019,13:15:00,54,56,5,0:01:35,0:01:07,91.8,8.2,14.3,50,19.6,16.1,0,Friday,64.3,12,14,2.813375531,0.108900372,0.088859025,3,168,1965
Reservations,1/4/2019,13:30:00,63,64,0,0:00:06,0:00:00,100,0,85.9,14.1,0,0,0,Friday,100,18,14,0.071255777,2.12E-05,1.17E-07,4,256,1980
Reservations,1/4/2019,13:45:00,62,61,0,0:00:05,0:00:00,100,0,90.2,9.8,0,0,0,Friday,100,17,15,0.088907882,4.73E-05,3.93E-07,4,244,1995
Reservations,1/4/2019,14:00:00,74,74,2,0:00:07,0:00:14,97.4,2.6,87.8,12.2,0,0,0,Friday,100,20,16,0.083605781,2.48E-05,1.38E-07,4,296,2010
Reservations,1/4/2019,14:15:00,48,48,0,0:00:05,0:00:00,100,0,100,0,0,0,0,Friday,100,14,17,0.092270617,8.73E-05,1.09E-06,4,192,2025
Reservations,1/4/2019,14:30:00,72,66,6,0:00:56,0:00:55,91.7,8.3,19.7,78.8,1.5,0,0,Friday,98.5,17,19,0.190482728,0.000418948,9.59E-06,4,264,2040
Reservations,1/4/2019,14:45:00,56,55,0,0:00:10,0:00:00,100,0,67.3,32.7,0,0,0,Friday,100,16,19,0.068722446,2.73E-05,1.86E-07,4,220,2055
Reservations,1/4/2019,15:00:00,81,78,1,0:00:29,0:00:14,98.7,1.3,38.5,61.5,0,0,0,Friday,100,21,19,0.077989427,1.72E-05,7.82E-08,4,312,2070
Reservations,1/4/2019,15:15:00,78,75,2,0:00:10,0:00:20,97.4,2.6,66.7,33.3,0,0,0,Friday,100,20,19,0.096257632,3.83E-05,2.60E-07,4,300,2085
Reservations,1/4/2019,15:30:00,105,93,7,0:00:52,0:00:29,93,7,5.4,94.6,0,0,0,Friday,100,24,20,0.093446315,2.07E-05,9.38E-08,4,372,2100
Reservations,1/4/2019,15:45:00,89,84,7,0:00:52,0:00:35,92.3,7.7,14.3,85.7,0,0,0,Friday,100,22,20,0.095155185,2.83E-05,1.57E-07,4,336,2115
Reservations,1/4/2019,16:00:00,88,82,4,0:01:14,0:00:30,95.3,4.7,1.2,95.1,3.7,0,0,Friday,96.3,20,18,0.252876331,0.000731629,2.06E-05,4,328,2130
Reservations,1/4/2019,16:15:00,100,88,8,0:01:22,0:00:56,91.7,8.3,0,93.2,6.8,0,0,Friday,93.2,20,18,0.599886248,0.007992444,0.000797396,4,352,2145
Reservations,1/4/2019,16:30:00,97,88,8,0:03:25,0:01:10,91.7,8.3,0,0,18.2,81.8,0,Friday,0,18,18,6.691724171,0.151021804,0.307064295,3,264,2160
Reservations,1/4/2019,16:45:00,84,91,7,0:02:13,0:00:48,92.9,7.1,0,35.2,53.8,11,0,Friday,35.2,19,17,2.986761596,0.115611814,0.094335335,3,273,2175
Reservations,1/5/2019,8:00:00,43,43,0,0:00:08,0:00:00,100,0,83.7,16.3,0,0,0,Saturday,100,13,12,0.081720675,7.74E-05,9.61E-07,4,172,2190
Reservations,1/5/2019,8:15:00,45,44,1,0:00:05,0:00:10,97.8,2.2,90.9,9.1,0,0,0,Saturday,100,13,12,0.098417792,0.000123759,1.88E-06,4,176,2205
Reservations,1/5/2019,8:30:00,32,32,0,0:00:06,0:00:00,100,0,93.8,6.3,0,0,0,Saturday,100.1,11,12,0.047330544,3.36E-05,3.42E-07,4,128,2220
Reservations,1/5/2019,8:45:00,29,28,1,0:00:05,0:00:04,96.6,3.4,96.4,3.6,0,0,0,Saturday,100,10,12,0.047367828,4.48E-05,5.57E-07,4,112,2235
Reservations,1/5/2019,9:00:00,32,32,0,0:00:05,0:00:00,100,0,100,0,0,0,0,Saturday,100,11,12,0.047330544,3.36E-05,3.42E-07,4,128,2250
Reservations,1/5/2019,9:15:00,37,37,0,0:00:06,0:00:00,100,0,94.6,5.4,0,0,0,Saturday,100,12,12,0.057604575,4.09E-05,4.16E-07,4,148,2265
Reservations,1/5/2019,9:30:00,38,38,0,0:00:12,0:00:00,100,0,86.8,13.2,0,0,0,Saturday,100,12,12,0.070686954,6.69E-05,8.32E-07,4,152,2280
Reservations,1/5/2019,9:45:00,39,37,0,0:00:07,0:00:00,100,0,91.9,8.1,0,0,0,Saturday,100,12,13,0.057604575,4.09E-05,4.16E-07,4,148,2295
Reservations,1/5/2019,10:00:00,44,46,0,0:00:14,0:00:00,100,0,69.6,30.4,0,0,0,Saturday,100,14,13,0.064406492,3.43E-05,2.84E-07,4,184,2310
Reservations,1/5/2019,10:15:00,41,41,0,0:00:06,0:00:00,100,0,87.8,12.2,0,0,0,Saturday,100,13,13,0.055655476,2.96E-05,2.46E-07,4,164,2325
Reservations,1/5/2019,10:30:00,46,44,1,0:00:13,0:00:20,97.8,2.2,61.4,38.6,0,0,0,Saturday,100,13,14,0.098417792,0.000123759,1.88E-06,4,176,2340
Reservations,1/5/2019,10:45:00,68,60,5,0:00:49,0:00:57,92.3,7.7,25,73.3,1.7,0,0,Saturday,98.3,16,14,0.153430394,0.000255579,4.77E-06,4,240,2355
Reservations,1/5/2019,11:00:00,54,56,1,0:00:19,0:00:10,98.2,1.8,58.9,41.1,0,0,0,Saturday,100,16,14,0.08104737,4.31E-05,3.58E-07,4,224,2370
Reservations,1/5/2019,11:15:00,49,42,0,0:00:10,0:00:00,100,0,76.2,23.8,0,0,0,Saturday,100,13,13,0.067590736,4.80E-05,4.88E-07,4,168,2385
Reservations,1/5/2019,11:30:00,47,54,0,0:00:41,0:00:00,100,0,48.1,42.6,9.3,0,0,Saturday,90.7,13,13,0.580437852,0.009674799,0.00120558,4,216,2400
Reservations,1/5/2019,11:45:00,40,38,1,0:00:06,0:00:02,97.4,2.6,92.1,7.9,0,0,0,Saturday,100,12,12,0.070686954,6.69E-05,8.32E-07,4,152,2415
Reservations,1/5/2019,12:00:00,57,50,1,0:00:49,0:00:21,98,2,6,94,0,0,0,Saturday,100,15,11,0.06122542,2.44E-05,1.65E-07,4,200,2430
Reservations,1/5/2019,12:15:00,44,39,6,0:02:08,0:01:17,86.7,13.3,0,41,51.3,7.7,0,Saturday,41,9,10,1.483183267,0.056107683,0.024183128,3,117,2445
Reservations,1/5/2019,12:30:00,37,24,1,0:02:57,0:00:08,96,4,0,37.5,29.2,20.8,12.5,Saturday,37.5,6,10,1.294429998,0.048967292,0.021105528,1,24,2460
Reservations,1/5/2019,12:45:00,42,31,13,0:07:37,0:03:57,70.5,29.5,0,0,0,0,100,Saturday,0,7,10,2.563602307,0.099232129,0.080970066,1,31,2475
Reservations,1/5/2019,13:00:00,48,36,10,0:05:50,0:02:38,78.3,21.7,0,0,0,16.7,83.3,Saturday,0,8,11,2.630748713,0.101831238,0.08309085,1,36,2490
Reservations,1/5/2019,13:15:00,57,44,11,0:06:11,0:03:07,80,20,0,0,0,2.3,97.7,Saturday,0,9,10,13.86928773,0.120094247,0.542424347,0,0,2505
Reservations,1/5/2019,13:30:00,62,59,11,0:04:36,0:02:16,84.3,15.7,0,0,0,76.3,23.7,Saturday,0,12,11,14.00891722,0.121303299,0.547885222,0,0,2520
Reservations,1/5/2019,13:45:00,43,56,0,0:01:38,0:00:00,100,0,51.8,3.6,21.4,23.2,0,Saturday,55.4,12,12,2.813375531,0.108900372,0.088859025,3,168,2535
Reservations,1/5/2019,14:00:00,63,62,1,0:00:06,0:00:10,98.4,1.6,91.9,8.1,0,0,0,Saturday,100,17,13,0.103828055,7.38E-05,7.49E-07,4,248,2550
Reservations,1/5/2019,14:15:00,48,48,0,0:00:10,0:00:00,100,0,75,25,0,0,0,Saturday,100,14,14,0.092270617,8.73E-05,1.09E-06,4,192,2565
Reservations,1/5/2019,14:30:00,48,46,0,0:00:08,0:00:00,100,0,76.1,23.9,0,0,0,Saturday,100,14,15,0.064406492,3.43E-05,2.84E-07,4,184,2580
Reservations,1/5/2019,14:45:00,66,68,0,0:00:23,0:00:00,100,0,45.6,54.4,0,0,0,Saturday,100,19,15,0.066862687,1.48E-05,6.71E-08,4,272,2595
Reservations,1/5/2019,15:00:00,69,60,3,0:01:07,0:01:37,95.2,4.8,6.7,81.7,5,6.7,0,Saturday,88.4,14,16,0.722558059,0.014858705,0.002325649,3,180,2610
Reservations,1/5/2019,15:15:00,64,68,1,0:00:23,0:00:03,98.6,1.4,60.3,32.4,5.9,1.5,0,Saturday,92.7,16,16,0.54152649,0.007214901,0.000719822,4,272,2625
Reservations,1/5/2019,15:30:00,62,60,1,0:00:15,0:00:02,98.4,1.6,75,25,0,0,0,Saturday,100,17,17,0.075978058,3.02E-05,2.05E-07,4,240,2640
Reservations,1/5/2019,15:45:00,54,50,3,0:00:18,0:00:08,94.3,5.7,56,44,0,0,0,Saturday,100,15,17,0.06122542,2.44E-05,1.65E-07,4,200,2655
Reservations,1/5/2019,16:00:00,65,66,1,0:00:31,0:00:02,98.5,1.5,27.3,72.7,0,0,0,Saturday,100,18,15,0.09646186,5.13E-05,4.26E-07,4,264,2670
Reservations,1/5/2019,16:15:00,73,68,0,0:00:24,0:00:00,100,0,44.1,55.9,0,0,0,Saturday,100,19,15,0.066862687,1.48E-05,6.71E-08,4,272,2685
Reservations,1/5/2019,16:30:00,64,69,1,0:00:28,0:00:05,98.6,1.4,34.8,65.2,0,0,0,Saturday,100,19,15,0.077532233,2.30E-05,1.28E-07,4,276,2700
Reservations,1/5/2019,16:45:00,60,59,1,0:00:07,0:00:03,98.3,1.7,91.5,8.5,0,0,0,Saturday,100,17,15,0.064777936,1.92E-05,1.07E-07,4,236,2715
Reservations,1/6/2019,8:00:00,54,52,2,0:00:37,0:00:19,96.3,3.7,32.7,67.3,0,0,0,Sunday,100,15,11,0.086476794,6.15E-05,6.24E-07,4,208,2730
Reservations,1/6/2019,8:15:00,30,30,0,0:00:05,0:00:00,100,0,96.7,3.3,0,0,0,Sunday,100,10,12,0.075974432,0.000126556,2.36E-06,4,120,2745
Reservations,1/6/2019,8:30:00,35,35,0,0:00:06,0:00:00,100,0,91.4,8.6,0,0,0,Sunday,100,11,11,0.090831185,0.000151304,2.82E-06,4,140,2760
Reservations,1/6/2019,8:45:00,20,19,1,0:00:05,0:00:02,95,5,94.7,5.3,0,0,0,Sunday,100,8,11,0.032629661,4.10E-05,6.25E-07,4,76,2775
Reservations,1/6/2019,9:00:00,41,40,0,0:00:05,0:00:00,100,0,97.5,2.5,0,0,0,Sunday,100,12,11,0.104881241,0.000174708,3.26E-06,4,160,2790
Reservations,1/6/2019,9:15:00,40,41,0,0:00:11,0:00:00,100,0,75.6,24.4,0,0,0,Sunday,100,13,11,0.055655476,2.96E-05,2.46E-07,4,164,2805
Reservations,1/6/2019,9:30:00,31,28,1,0:00:22,0:01:18,96.6,3.4,53.6,46.4,0,0,0,Sunday,100,10,11,0.047367828,4.48E-05,5.57E-07,4,112,2820
Reservations,1/6/2019,9:45:00,30,28,0,0:02:39,0:00:00,100,0,0,32.1,25,42.9,0,Sunday,32.1,6,11,6.170635553,0.139261645,0.283153012,3,84,2835
Reservations,1/6/2019,10:00:00,51,53,1,0:00:20,0:00:06,98.1,1.9,49.1,50.9,0,0,0,Sunday,100,15,11,0.102331999,9.69E-05,1.20E-06,4,212,2850
Reservations,1/6/2019,10:15:00,44,41,2,0:00:46,0:01:16,95.3,4.7,19.5,80.5,0,0,0,Sunday,100,13,11,0.055655476,2.96E-05,2.46E-07,4,164,2865
Reservations,1/6/2019,10:30:00,35,37,0,0:00:54,0:00:00,100,0,16.2,75.7,8.1,0,0,Sunday,91.9,10,10,0.332585085,0.003501828,0.000280961,4,148,2880
Reservations,1/6/2019,10:45:00,37,37,0,0:00:06,0:00:00,100,0,94.6,5.4,0,0,0,Sunday,100,12,10,0.057604575,4.09E-05,4.16E-07,4,148,2895
Reservations,1/6/2019,11:00:00,48,41,1,0:00:36,0:00:19,97.6,2.4,58.5,34.1,7.3,0,0,Sunday,92.6,11,10,0.29669067,0.002445606,0.000158347,4,164,2910
Reservations,1/6/2019,11:15:00,37,38,0,0:01:44,0:00:00,100,0,0,68.4,18.4,13.2,0,Sunday,68.4,9,9,1.149412556,0.039188288,0.012826751,3,114,2925
Reservations,1/6/2019,11:30:00,42,38,2,0:02:56,0:02:38,95,5,0,10.5,42.1,47.4,0,Sunday,10.5,8,9,6.33126473,0.142886795,0.290523831,3,114,2940
Reservations,1/6/2019,11:45:00,46,36,1,0:03:02,0:02:29,97.3,2.7,0,27.8,22.2,33.3,16.7,Sunday,27.8,8,9,2.630748713,0.101831238,0.08309085,1,36,2955
Reservations,1/6/2019,12:00:00,27,32,6,0:04:42,0:02:06,84.2,15.8,0,6.3,18.8,18.8,56.3,Sunday,6.3,7,8,3.786141267,0.125686959,0.152881748,0,0,2970
Reservations,1/6/2019,12:15:00,49,31,8,0:03:36,0:02:05,79.5,20.5,0,0,45.2,35.5,19.4,Sunday,0,7,8,2.563602307,0.099232129,0.080970066,1,31,2985
Reservations,1/6/2019,12:30:00,44,29,8,0:07:02,0:02:17,78.4,21.6,0,0,0,0,100,Sunday,0,6,8,13.64130803,0.118120169,0.533508119,0,0,3000
Reservations,1/6/2019,12:45:00,53,41,9,0:06:41,0:02:52,82,18,0,0,0,2.4,97.6,Sunday,0,9,8,2.686970835,0.104007489,0.084866597,1,41,3015
Reservations,1/6/2019,13:00:00,52,41,7,0:06:52,0:02:37,85.4,14.6,0,0,0,0,100,Sunday,0,9,8,2.686970835,0.104007489,0.084866597,1,41,3030
Reservations,1/6/2019,13:15:00,66,42,17,0:09:13,0:04:37,71.2,28.8,0,0,0,0,100,Sunday,0,9,9,3.914173753,0.1299372,0.15805161,0,0,3045
Reservations,1/6/2019,13:30:00,63,43,19,0:09:53,0:03:15,69.4,30.6,0,0,0,0,100,Sunday,0,9,9,6.391607483,0.144248637,0.293292789,0,0,3060
Reservations,1/6/2019,13:45:00,72,39,27,0:11:16,0:04:08,59.1,40.9,0,0,0,0,100,Sunday,0,8,10,13.80701692,0.119555043,0.539988952,0,0,3075
Reservations,1/6/2019,14:00:00,73,48,14,0:12:27,0:04:53,77.4,22.6,0,0,0,0,100,Sunday,0,10,10,6.44310258,0.145410802,0.295655754,0,0,3090
Reservations,1/6/2019,14:15:00,55,48,21,0:12:32,0:07:03,69.6,30.4,0,0,0,0,100,Sunday,0,10,10,6.44310258,0.145410802,0.295655754,0,0,3105
Reservations,1/6/2019,14:30:00,89,47,27,0:10:50,0:04:50,63.5,36.5,0,0,0,0,100,Sunday,0,10,11,3.963968678,0.131590222,0.160062295,0,0,3120
Reservations,1/6/2019,14:45:00,71,66,24,0:10:11,0:03:34,73.3,26.7,0,0,0,0,100,Sunday,0,14,11,2.875220486,0.111294272,0.090812366,0,0,3135
Reservations,1/6/2019,15:00:00,59,52,6,0:09:40,0:06:03,89.7,10.3,0,0,0,0,100,Sunday,0,11,12,4.007164275,0.133024168,0.161806503,0,0,3150
Reservations,1/6/2019,15:15:00,70,60,18,0:09:09,0:04:00,76.9,23.1,0,0,0,0,100,Sunday,0,13,12,2.113162967,0.084098358,0.048943285,1,60,3165
Reservations,1/6/2019,15:30:00,81,49,10,0:08:28,0:02:15,83.1,16.9,0,0,0,0,100,Sunday,0,10,13,13.92242057,0.120554324,0.54450236,0,0,3180
Reservations,1/6/2019,15:45:00,85,68,21,0:09:51,0:03:19,76.4,23.6,0,0,0,0,100,Sunday,0,14,13,6.592986813,0.148793456,0.302533517,0,0,3195
Reservations,1/6/2019,16:00:00,81,60,18,0:11:10,0:04:08,76.9,23.1,0,0,0,0,100,Sunday,0,13,13,2.113162967,0.084098358,0.048943285,1,60,3210
Reservations,1/6/2019,16:15:00,108,58,30,0:10:49,0:04:31,65.9,34.1,0,0,0,0,100,Sunday,0,12,11,6.526968553,0.147303526,0.299504126,0,0,3225
Reservations,1/6/2019,16:30:00,93,78,27,0:11:38,0:03:54,74.3,25.7,0,0,0,0,100,Sunday,0,16,11,6.646770744,0.150007275,0.30500151,0,0,3240
Reservations,1/6/2019,16:45:00,80,75,17,0:10:25,0:05:01,81.5,18.5,0,0,0,0,100,Sunday,0,16,11,2.190227883,0.08716534,0.050728197,1,75,3255
Reservations,1/6/2019,17:00:00,0,39,7,0:09:47,0:04:58,84.8,15.2,0,0,0,0,100,Sunday,0,8,11,13.80701692,0.119555043,0.539988952,0,0,3270
Reservations,1/7/2019,8:00:00,60,52,2,0:00:41,0:00:57,96.3,3.7,26.9,73.1,0,0,0,Monday,100,15,15,0.086476794,6.15E-05,6.24E-07,4,208,3285
Reservations,1/7/2019,8:15:00,51,56,0,0:00:20,0:00:00,100,0,57.1,42.9,0,0,0,Monday,100,16,15,0.08104737,4.31E-05,3.58E-07,4,224,3300
Reservations,1/7/2019,8:30:00,46,47,0,0:00:05,0:00:00,100,0,95.7,4.3,0,0,0,Monday,100,14,15,0.077224053,5.49E-05,5.57E-07,4,188,3315
Reservations,1/7/2019,8:45:00,54,53,1,0:00:04,0:00:07,98.1,1.9,100,0,0,0,0,Monday,100,15,15,0.102331999,9.69E-05,1.20E-06,4,212,3330
Reservations,1/7/2019,9:00:00,63,61,2,0:00:05,0:00:06,96.8,3.2,93.4,6.6,0,0,0,Monday,100,17,15,0.088907882,4.73E-05,3.93E-07,4,244,3345
Reservations,1/7/2019,9:15:00,47,45,2,0:00:05,0:00:04,95.7,4.3,95.6,4.4,0,0,0,Monday,100,14,15,0.053505598,2.13E-05,1.44E-07,4,180,3360
Reservations,1/7/2019,9:30:00,54,54,0,0:00:11,0:00:00,100,0,72.2,27.8,0,0,0,Monday,100,16,16,0.058105888,1.73E-05,9.57E-08,4,216,3375
Reservations,1/7/2019,9:45:00,51,48,1,0:00:25,0:00:21,98,2,43.8,56.3,0,0,0,Monday,100.1,14,16,0.092270617,8.73E-05,1.09E-06,4,192,3390
Reservations,1/7/2019,10:00:00,53,55,0,0:00:09,0:00:00,100,0,72.7,27.3,0,0,0,Monday,100,16,16,0.068722446,2.73E-05,1.86E-07,4,220,3405
Reservations,1/7/2019,10:15:00,63,61,2,0:00:21,0:00:08,96.8,3.2,50.8,49.2,0,0,0,Monday,100,17,15,0.088907882,4.73E-05,3.93E-07,4,244,3420
Reservations,1/7/2019,10:30:00,67,65,2,0:00:14,0:00:24,97,3,63.1,36.9,0,0,0,Monday,100,18,15,0.082985043,3.30E-05,2.24E-07,4,260,3435
Reservations,1/7/2019,10:45:00,63,62,0,0:00:05,0:00:00,100,0,98.4,1.6,0,0,0,Monday,100,17,15,0.103828055,7.38E-05,7.49E-07,4,248,3450
Reservations,1/7/2019,11:00:00,72,59,6,0:01:14,0:00:16,90.8,9.2,1.7,94.9,3.4,0,0,Monday,96.6,15,14,0.271578746,0.001341571,5.70E-05,4,236,3465
Reservations,1/7/2019,11:15:00,77,53,8,0:03:14,0:01:23,86.9,13.1,0,20.8,9.4,69.8,0,Monday,20.8,11,14,6.487751201,0.146418452,0.297704553,3,159,3480
Reservations,1/7/2019,11:30:00,78,49,15,0:06:14,0:03:20,76.6,23.4,0,0,0,18.4,81.6,Monday,0,10,13,13.92242057,0.120554324,0.54450236,0,0,3495
Reservations,1/7/2019,11:45:00,74,61,19,0:07:16,0:03:35,76.3,23.8,0,0,0,0,100,Monday,0,13,12,2.845975827,0.110162267,0.089888689,1,61,3510
Reservations,1/7/2019,12:00:00,90,57,31,0:07:53,0:02:54,64.8,35.2,0,0,0,0,100,Monday,0,12,12,4.045125123,0.134284339,0.163339336,0,0,3525
Reservations,1/7/2019,12:15:00,67,53,29,0:07:26,0:03:54,64.6,35.4,0,0,0,0,100,Monday,0,11,11,6.487751201,0.146418452,0.297704553,0,0,3540
Reservations,1/7/2019,12:30:00,74,46,20,0:06:50,0:02:33,69.7,30.3,0,0,0,0,100,Monday,0,10,12,2.735004641,0.105866785,0.086383721,1,46,3555
Reservations,1/7/2019,12:45:00,79,60,17,0:06:35,0:02:35,77.9,22.1,0,0,0,1.7,98.3,Monday,0,13,13,2.113162967,0.084098358,0.048943285,1,60,3570
Reservations,1/7/2019,13:00:00,99,55,31,0:06:55,0:04:18,64,36,0,0,0,0,100,Monday,0,12,13,2.081707387,0.082846508,0.048214738,1,55,3585
Reservations,1/7/2019,13:15:00,79,53,25,0:09:33,0:04:53,67.9,32.1,0,0,0,0,100,Monday,0,11,13,6.487751201,0.146418452,0.297704553,0,0,3600
Reservations,1/7/2019,13:30:00,85,84,25,0:06:33,0:03:39,77.1,22.9,0,0,0,35.7,64.3,Monday,0,17,13,14.1564458,0.12258075,0.553655028,0,0,3615
Reservations,1/7/2019,13:45:00,91,64,21,0:04:03,0:02:15,75.3,24.7,0,0,0,100,0,Monday,0,14,14,1.657619098,0.062706457,0.027027283,3,192,3630
Reservations,1/7/2019,14:00:00,106,62,24,0:06:14,0:03:04,72.1,27.9,0,0,0,41.9,58.1,Monday,0,13,14,4.078847343,0.135403801,0.164701015,0,0,3645
Reservations,1/7/2019,14:15:00,89,71,30,0:07:44,0:03:37,70.3,29.7,0,0,0,0,100,Monday,0,15,14,2.901659106,0.11231766,0.091647416,0,0,3660
Reservations,1/7/2019,14:30:00,102,55,32,0:07:27,0:02:25,63.2,36.8,0,0,0,0,100,Monday,0,12,15,2.081707387,0.082846508,0.048214738,1,55,3675
Reservations,1/7/2019,14:45:00,120,73,32,0:09:11,0:03:28,69.5,30.5,0,0,0,0,100,Monday,0,15,15,6.621158945,0.149429257,0.303826257,0,0,3690
Reservations,1/7/2019,15:00:00,143,84,37,0:09:10,0:04:19,69.4,30.6,0,0,0,0,100,Monday,0,17,16,14.1564458,0.12258075,0.553655028,0,0,3705
Reservations,1/7/2019,15:15:00,130,79,50,0:11:42,0:05:02,61.2,38.8,0,0,0,0,100,Monday,0,16,16,14.13234113,0.122372028,0.5527123,0,0,3720
Reservations,1/7/2019,15:30:00,131,98,43,0:11:28,0:04:50,69.5,30.5,0,0,0,0,100,Monday,0,20,17,6.73005044,0.151886768,0.308822979,0,0,3735
Reservations,1/7/2019,15:45:00,147,84,43,0:10:34,0:04:49,66.1,33.9,0,0,0,0,100,Monday,0,17,18,14.1564458,0.12258075,0.553655028,0,0,3750
Reservations,1/7/2019,16:00:00,142,83,54,0:12:00,0:05:03,60.6,39.4,0,0,0,0,100,Monday,0,17,18,6.670192791,0.150535874,0.306076281,0,0,3765
Reservations,1/7/2019,16:15:00,151,93,41,0:14:09,0:06:03,69.4,30.6,0,0,0,0,100,Monday,0,19,16,6.711609353,0.151470582,0.30797677,0,0,3780
Reservations,1/7/2019,16:30:00,139,83,47,0:15:10,0:06:21,63.8,36.2,0,0,0,0,100,Monday,0,17,16,6.670192791,0.150535874,0.306076281,0,0,3795
Reservations,1/7/2019,16:45:00,111,99,37,0:17:39,0:08:04,72.8,27.2,0,0,0,0,100,Monday,0,20,15,14.21800166,0.123113763,0.556062461,0,0,3810
Reservations,1/7/2019,17:00:00,0,84,18,0:14:56,0:09:52,82.4,17.6,0,0,0,0,100,Monday,0,17,15,14.1564458,0.12258075,0.553655028,0,0,3825
,,,,,,,,,,,,,,,,,,,,,,,,
